symbol,event_date,open_price,close_price,high_price,low_price,total_volume,total_trade_value,avg_price,daily_return_pct
ANZ,2025-01-01,175.9,178.58,183.09,173.68,3635997,647142612.59,177.84707482993198,1.52
ANZ,2025-01-02,180.42,176.39,183.83,173.47,3048795,543144303.39,178.0821804511278,-2.23
ANZ,2025-01-03,174.15,174.28,179.14,169.94,3942864,690180255.78,174.93477124183008,0.07
ANZ,2025-01-04,177.56,176.36,179.75,171.18,4165000,731269639.38,175.61269230769233,-0.68
ANZ,2025-01-05,175.99,181.07,182.1,173.26,3779082,672083514.7,177.9426,2.89
ANZ,2025-01-06,179.91,177.66,182.5,172.37,3404495,604936554.89,177.6785401459854,-1.25
ANZ,2025-01-07,179.66,174.09,179.66,169.52,3631178,635741886.47,175.07557142857144,-3.1
ANZ,2025-01-08,176.02,177.68,180.33,171.36,3547740,624184953.28,175.90828947368422,0.94
ANZ,2025-01-09,179.18,177.11,183.15,173.35,3455370,615639188.61,178.22664179104476,-1.16
ANZ,2025-01-10,179.74,173.53,182.24,173.42,3743352,664127484.78,177.45587837837837,-3.45
ANZ,2025-01-11,174.71,173.31,180.11,170.06,4030055,704910382.49,174.96202614379084,-0.8
ANZ,2025-01-12,173.25,179.09,183.92,170.57,4309607,757662232.85,175.5016883116883,3.37
ANZ,2025-01-13,177.26,175.89,183.63,173.66,3748286,668438175.59,178.44041379310346,-0.77
ANZ,2025-01-14,177.04,175.81,182.25,171.3,3690238,654663835.45,177.33062068965518,-0.69
ANZ,2025-01-15,175.87,172.76,180.67,169.15,3776260,660335340.04,174.87047619047618,-1.77
ANZ,2025-01-16,174.31,180.2,181.05,169.42,2516521,442974821.25,175.85292452830188,3.38
ANZ,2025-01-17,180.39,179.17,182.8,173.37,3996804,713362574.03,178.43727891156462,-0.68
ANZ,2025-01-18,181.74,176.88,182.37,172.57,4121732,731609995.26,177.47765432098765,-2.67
ANZ,2025-01-19,175.33,173.99,179.16,168.73,4117225,719986797.45,174.82408805031446,-0.76
ANZ,2025-01-20,176.25,179.09,180.71,169.65,3837179,676041920.22,176.15793103448277,1.61
ANZ,2025-01-21,178.71,180.32,183.01,174.45,3559805,636183630.5,178.64986013986015,0.9
ANZ,2025-01-22,177.96,175.03,183.01,170.63,3672929,649477629.04,176.97659722222224,-1.65
ANZ,2025-01-23,171.82,178.19,178.95,170.96,3815593,666803662.61,174.7747619047619,3.71
ANZ,2025-01-24,175.76,177.75,182.06,171.45,4086643,720961582.92,176.45396103896104,1.13
ANZ,2025-01-25,178.42,177.64,182.96,174.09,4012977,716512091.67,178.54474025974025,-0.44
ANZ,2025-01-26,178.34,176.15,182.75,170.7,3669129,647948872.37,176.57632653061225,-1.23
ANZ,2025-01-27,177.03,176.06,179.4,170.78,2749904,481025681.75,174.82983193277312,-0.55
ANZ,2025-01-28,177.01,178.25,181.99,171.55,3398864,600808329.45,176.76930769230768,0.7
ANZ,2025-01-29,179.19,180.64,184.34,174.93,3210101,572431051.17,178.38640625,0.81
ANZ,2025-01-30,179.17,172.3,181.26,172.3,3177301,561144166.71,176.69031007751937,-3.83
ANZ,2025-01-31,172.31,173.83,179.52,171.19,3443761,601878288.85,174.72773049645392,0.88
ANZ,2025-02-01,173.19,180.45,184.33,172.05,3726216,658448063.54,176.8726712328767,4.19
ANZ,2025-02-02,179.7,177.15,182.47,173.07,3485502,622810429.57,178.39715328467153,-1.42
ANZ,2025-02-03,175.95,176.12,179.79,171.16,3715688,654425391.03,176.16223776223777,0.1
ANZ,2025-02-04,173.67,177.4,178.99,171.37,3462116,605507836.25,174.95380597014926,2.15
ANZ,2025-02-05,173.09,177.71,181.65,171.31,3563077,630786517.27,176.99028169014085,2.67
ANZ,2025-02-06,178.64,177.15,183.1,173.5,3668199,653552040.5,178.31124137931036,-0.83
ANZ,2025-02-07,175.76,174.68,180.87,171.55,4383341,770989054.88,175.94583815028903,-0.61
ANZ,2025-02-08,172.59,179.64,180.44,168.91,4088043,714403442.61,174.83671140939597,4.08
ANZ,2025-02-09,178.24,176.98,182.36,172.33,3122687,553764998.11,177.21768656716418,-0.71
ANZ,2025-02-10,177.0,174.88,182.68,173.99,3665208,653313615.53,178.31531914893617,-1.2
ANZ,2025-02-11,176.63,173.26,181.06,172.62,2249177,395842900.28000003,176.0258695652174,-1.91
BHP,2025-01-01,144.68,148.34,151.49,142.09,4041383,596625857.66,147.42929936305734,2.53
BHP,2025-01-02,146.62,147.41,152.27,141.21,3357499,493921655.59,147.13735294117646,0.54
BHP,2025-01-03,144.06,143.68,149.97,139.85,3430500,495528007.31,144.47356643356645,-0.26
BHP,2025-01-04,146.02,146.34,150.8,141.14,3684718,533711883.76,144.83557142857143,0.22
BHP,2025-01-05,144.1,148.75,152.12,142.52,4074860,599345967.87,147.25878378378377,3.23
BHP,2025-01-06,146.04,145.21,152.08,140.33,3789377,555502560.33,146.8457746478873,-0.57
BHP,2025-01-07,145.64,143.88,149.96,139.19,3478858,502855348.71,144.53598591549297,-1.21
BHP,2025-01-08,144.83,145.92,150.56,140.34,3587377,520232802.3,144.9734193548387,0.75
BHP,2025-01-09,145.1,147.79,151.57,144.09,3517199,518119779.47,147.42751824817518,1.85
BHP,2025-01-10,147.28,143.89,152.45,141.06,3718928,545192573.92,146.83359712230214,-2.3
BHP,2025-01-11,145.63,144.95,148.72,140.43,3538496,510693329.62,144.18194244604317,-0.47
BHP,2025-01-12,143.97,145.4,151.08,139.92,3329795,484418763.03,145.47211678832116,0.99
BHP,2025-01-13,147.51,146.65,151.39,143.37,4179009,617239353.49,147.61449367088608,-0.58
BHP,2025-01-14,145.27,148.4,150.64,141.94,3734554,546661450.31,146.5967361111111,2.15
BHP,2025-01-15,142.74,141.97,149.09,139.43,3845282,553904443.22,144.06043795620437,-0.54
BHP,2025-01-16,140.68,144.45,150.67,140.43,3377834,490572367.98,145.17195652173913,2.68
BHP,2025-01-17,146.42,150.44,151.56,141.47,3839666,565888934.66,147.3965986394558,2.75
BHP,2025-01-18,149.68,145.99,150.82,142.35,3978979,582464255.0,146.40019480519481,-2.47
BHP,2025-01-19,145.78,143.53,148.23,140.49,3704736,534156543.64,144.1885616438356,-1.54
BHP,2025-01-20,143.27,148.93,150.07,141.3,3831538,557660602.74,145.42762589928057,3.95
BHP,2025-01-21,147.77,146.76,152.73,142.98,3377435,498656891.81,147.6362676056338,-0.68
BHP,2025-01-22,145.48,145.31,150.2,142.04,3397413,496105322.29,146.06274074074074,-0.12
BHP,2025-01-23,146.74,146.04,149.07,136.93,2905184,419522498.67,144.43381355932203,-0.48
BHP,2025-01-24,144.6,146.71,152.32,140.5,4171018,607513857.4,145.627987012987,1.46
BHP,2025-01-25,146.2,149.14,153.06,144.0,3908326,577102348.42,147.78311594202899,2.01
BHP,2025-01-26,146.35,143.11,152.24,141.97,3817980,557418750.13,145.80437086092715,-2.21
BHP,2025-01-27,146.52,143.35,149.73,140.07,3493854,503853117.17,144.10943262411348,-2.16
BHP,2025-01-28,142.17,148.36,151.2,139.69,3126742,456243462.96,145.97141791044774,4.35
BHP,2025-01-29,146.42,149.97,152.39,142.71,3815541,564059718.27,147.86897959183673,2.42
BHP,2025-01-30,147.3,145.45,150.14,140.63,3388745,493989965.22,145.87323529411765,-1.26
BHP,2025-01-31,144.22,139.38,150.48,139.38,3613819,521597630.65,144.21095588235292,-3.36
BHP,2025-02-01,144.79,150.05,151.91,141.19,3538188,517535604.62,146.32079470198676,3.63
BHP,2025-02-02,149.3,147.18,152.23,142.18,3622186,535555434.9,147.87434482758619,-1.42
BHP,2025-02-03,145.47,143.61,151.41,140.58,4016389,583274727.74,145.37237179487178,-1.28
BHP,2025-02-04,142.64,147.06,148.62,139.89,3781833,546132029.49,144.36693333333335,3.1
BHP,2025-02-05,142.98,148.64,150.88,141.09,4126876,603829067.73,146.13463087248323,3.96
BHP,2025-02-06,146.89,147.79,151.85,143.29,3643699,537443098.21,147.4051655629139,0.61
BHP,2025-02-07,143.92,143.47,150.45,140.84,3932096,572030730.84,145.5099342105263,-0.31
BHP,2025-02-08,144.47,143.71,149.45,140.17,3362157,484066015.11,143.91456692913388,-0.53
BHP,2025-02-09,143.13,147.08,151.01,142.34,3939243,577846458.38,146.5746103896104,2.76
BHP,2025-02-10,147.47,145.34,152.24,143.05,3304943,488155470.99,147.80355371900825,-1.44
BHP,2025-02-11,143.47,147.27,153.05,140.99,2326837,339259110.86,145.56604651162792,2.65
CBA,2025-01-01,36.54,41.22,42.47,32.4,4418111,166544171.17,37.90966887417218,12.81
CBA,2025-01-02,39.35,35.71,42.42,33.02,3875938,147771079.52,38.10574468085106,-9.25
CBA,2025-01-03,33.99,37.24,41.11,30.0,4043364,142949565.0,35.44132867132867,9.56
CBA,2025-01-04,32.79,40.91,40.91,30.9,3901748,139490716.3,35.68676056338028,24.76
CBA,2025-01-05,36.87,41.02,42.97,32.33,3268821,125257440.66,38.450296296296294,11.26
CBA,2025-01-06,38.55,35.34,44.78,32.47,3268924,123676157.47,37.82661654135338,-8.33
CBA,2025-01-07,36.55,35.26,40.74,30.11,3589733,125907715.12,35.24194444444444,-3.53
CBA,2025-01-08,32.65,36.94,40.78,31.35,3541228,125729262.3,35.610882352941175,13.14
CBA,2025-01-09,38.25,40.29,43.65,33.48,4112741,158672266.06,38.50532467532467,5.33
CBA,2025-01-10,36.45,37.1,43.51,32.41,3879392,146435781.65,37.57421768707483,1.78
CBA,2025-01-11,33.67,35.09,40.8,31.27,2719570,95135448.77,34.983879310344825,4.22
CBA,2025-01-12,33.4,38.65,40.66,31.59,3814804,138050458.0,36.05348993288591,15.72
CBA,2025-01-13,37.11,41.85,43.42,32.79,4044402,155091602.91,38.34147651006712,12.77
CBA,2025-01-14,37.08,35.94,42.51,32.16,3283348,122824795.36,37.463262411347515,-3.07
CBA,2025-01-15,37.17,34.51,38.88,30.34,3702495,130215283.62,35.24310344827586,-7.16
CBA,2025-01-16,35.49,39.67,41.68,30.68,4185331,151559124.19,36.13668789808917,11.78
CBA,2025-01-17,38.08,33.67,42.67,33.04,3873014,148920123.78,38.4978231292517,-11.58
CBA,2025-01-18,36.76,37.14,43.35,32.29,3501782,131219823.5,37.35021739130435,1.03
CBA,2025-01-19,33.17,30.13,40.45,30.13,3481547,122791907.03,35.25528169014085,-9.16
CBA,2025-01-20,36.16,39.03,41.01,30.43,3626648,131541512.4,36.2944966442953,7.94
CBA,2025-01-21,36.83,39.99,43.88,34.58,3981222,154231409.27,38.815625,8.58
CBA,2025-01-22,37.85,37.92,42.5,32.08,3009772,111773374.09,37.11671875,0.18
CBA,2025-01-23,36.43,33.14,39.71,30.3,3587672,124875155.36,34.94647482014389,-9.03
CBA,2025-01-24,33.3,41.68,42.43,31.71,3473738,127004855.59,36.697785714285715,25.17
CBA,2025-01-25,38.84,36.4,42.95,34.77,3648786,140343786.18,38.49875862068966,-6.28
CBA,2025-01-26,35.35,34.08,42.73,31.98,4321755,158286839.95,36.54160256410256,-3.59
CBA,2025-01-27,36.17,36.7,40.31,29.08,2998770,104438010.36,34.92755905511811,1.47
CBA,2025-01-28,35.27,37.06,40.63,32.18,4271606,156502100.57,36.720314465408805,5.08
CBA,2025-01-29,40.86,37.53,43.72,33.95,3815056,147127137.45,38.52751724137931,-8.15
CBA,2025-01-30,37.81,34.31,41.85,31.23,3638346,133711055.13,36.72172185430464,-9.26
CBA,2025-01-31,37.13,36.68,39.42,29.66,3676271,129718335.25,35.0762962962963,-1.21
CBA,2025-02-01,37.97,38.06,42.25,32.35,3519978,131485695.04,37.22905797101449,0.24
CBA,2025-02-02,40.35,39.29,43.55,33.57,3810952,146737567.49,38.4325,-2.63
CBA,2025-02-03,40.16,33.81,41.77,32.56,3584081,130677484.08,36.61573643410853,-15.81
CBA,2025-02-04,33.69,37.56,39.07,29.43,3675395,128500985.16,34.90846153846154,11.49
CBA,2025-02-05,39.69,37.82,42.66,31.8,3941362,147292164.11,37.425562913907285,-4.71
CBA,2025-02-06,36.49,40.29,43.15,32.42,4271683,164929337.92,38.578427672955975,10.41
CBA,2025-02-07,34.92,34.69,40.68,31.68,3186322,115410578.01,36.18087301587302,-0.66
CBA,2025-02-08,34.63,34.8,39.16,30.48,3758720,131873659.49,35.181744966442956,0.49
CBA,2025-02-09,32.56,41.34,43.42,32.56,3819032,143390183.12,37.59954248366013,26.97
CBA,2025-02-10,36.89,35.82,43.58,34.19,3797708,146910651.73,38.57221428571428,-2.9
CBA,2025-02-11,36.25,38.74,41.6,30.3,2813311,103390362.97,36.6,6.87
CSL,2025-01-01,107.2,109.4,114.67,105.56,3144597,345946757.16,109.88515625,2.05
CSL,2025-01-02,106.77,108.32,113.97,104.05,3749715,411213326.3,109.69,1.45
CSL,2025-01-03,107.97,106.98,112.85,100.31,3999508,429258277.41,107.22320987654321,-0.92
CSL,2025-01-04,104.86,108.77,111.2,102.99,3695239,396040948.06,107.28344827586207,3.73
CSL,2025-01-05,109.35,112.05,115.16,105.84,4294585,472870649.27,110.00764331210192,2.47
CSL,2025-01-06,110.73,108.47,114.26,104.98,3534476,387432116.79,109.58702290076336,-2.04
CSL,2025-01-07,108.59,105.44,112.9,101.65,3230473,345379817.28,106.8736440677966,-2.9
CSL,2025-01-08,106.61,104.49,113.75,103.04,3568238,384351327.92,107.64455782312925,-1.99
CSL,2025-01-09,111.39,109.76,115.6,103.33,3836129,422482931.45,110.07531645569621,-1.46
CSL,2025-01-10,108.61,106.74,114.11,105.27,3407901,372753365.9,109.267299270073,-1.72
CSL,2025-01-11,108.83,108.2,111.3,102.29,4064311,433621849.04,106.79693251533743,-0.58
CSL,2025-01-12,106.64,110.03,113.39,103.0,4112809,443075983.28000003,107.70086956521739,3.18
CSL,2025-01-13,107.65,109.54,114.85,105.4,3383797,372071533.56,109.92133333333332,1.76
CSL,2025-01-14,108.81,106.13,114.59,102.26,3605685,392287005.34,108.92135714285715,-2.46
CSL,2025-01-15,105.8,107.72,111.66,101.3,3344283,357226662.48,106.87225563909774,1.81
CSL,2025-01-16,104.87,111.39,113.43,103.27,3704019,398620082.61,107.76571428571428,6.22
CSL,2025-01-17,108.93,112.03,114.36,105.96,3660080,403091173.75,110.16873239436619,2.85
CSL,2025-01-18,108.66,110.39,114.77,103.29,3387989,369181087.03,109.00207407407407,1.59
CSL,2025-01-19,104.49,106.77,111.74,100.75,3523648,375952633.13,106.54915492957745,2.18
CSL,2025-01-20,108.52,108.23,113.27,103.76,4606914,499692797.2,108.40082840236687,-0.27
CSL,2025-01-21,109.87,114.46,114.87,105.5,3869014,427110746.2,110.40040540540541,4.18
CSL,2025-01-22,110.41,109.38,113.44,103.1,3983598,433753812.75,108.89047297297297,-0.93
CSL,2025-01-23,107.33,107.06,111.31,102.08,3680232,393750670.72,106.99412162162162,-0.25
CSL,2025-01-24,109.22,110.3,112.75,103.59,4141255,449079360.51,108.4455629139073,0.99
CSL,2025-01-25,110.98,109.15,115.3,105.53,3315397,366510846.45,110.54786259541986,-1.65
CSL,2025-01-26,107.48,105.01,112.69,101.71,3653051,396746562.36,108.60021126760563,-2.3
CSL,2025-01-27,104.02,109.1,112.38,101.51,3668202,391142343.81,106.73407894736842,4.88
CSL,2025-01-28,106.24,110.29,113.53,104.14,3756613,407215601.06,108.52940789473685,3.81
CSL,2025-01-29,107.01,109.11,115.08,103.26,3448957,380728002.9,110.33611940298508,1.96
CSL,2025-01-30,110.02,105.43,112.51,102.79,3278528,354153867.32,108.06070921985815,-4.17
CSL,2025-01-31,109.14,107.98,111.3,102.38,3468030,370412128.98,106.79092307692308,-1.06
CSL,2025-02-01,106.47,109.21,112.95,102.41,3560224,387022502.16,108.59551724137931,2.57
CSL,2025-02-02,110.23,110.5,113.84,105.95,3952337,436386787.33,110.30814285714285,0.24
CSL,2025-02-03,110.99,108.75,113.31,102.44,3116544,336385746.74,107.95324786324787,-2.02
CSL,2025-02-04,107.88,104.79,111.09,102.85,3666329,392193802.0,106.86601398601398,-2.86
CSL,2025-02-05,106.58,113.05,115.79,102.71,4257080,463598764.09,108.91685185185185,6.07
CSL,2025-02-06,110.27,110.17,115.1,104.51,3219088,354995513.72,110.25714285714285,-0.09
CSL,2025-02-07,108.54,105.75,111.69,103.95,3674202,395871163.6,107.7131506849315,-2.57
CSL,2025-02-08,109.03,105.8,112.51,102.85,3660758,392181703.0,106.96706766917293,-2.96
CSL,2025-02-09,109.37,109.51,113.56,104.02,3569862,389798602.15,109.06517482517482,0.13
CSL,2025-02-10,107.42,107.98,113.87,105.61,4071026,447666141.29,110.06025806451613,0.52
CSL,2025-02-11,112.07,108.46,113.03,104.56,2357310,254170939.53,107.8753125,-3.22
MQG,2025-01-01,67.61,68.49,73.06,62.94,3683326,249267618.02,67.69693333333333,1.3
MQG,2025-01-02,68.02,67.08,72.09,63.09,4314759,292317041.02,67.75057692307692,-1.38
MQG,2025-01-03,67.07,65.01,72.12,61.92,3489120,228496685.92,65.54253424657534,-3.07
MQG,2025-01-04,63.29,64.58,70.15,59.32,3402645,222649217.48,65.39489051094891,2.04
MQG,2025-01-05,68.54,68.16,73.24,63.99,3513986,238814329.8,68.07553956834532,-0.55
MQG,2025-01-06,68.39,67.09,72.73,61.88,4431585,299109589.13,67.54257309941521,-1.9
MQG,2025-01-07,64.21,63.64,70.36,60.18,3518775,229307453.16,65.18602941176471,-0.89
MQG,2025-01-08,65.68,65.09,70.04,59.84,3195677,209987046.54,65.66535433070867,-0.9
MQG,2025-01-09,67.95,68.94,74.2,63.78,3995794,273974078.88,68.54434782608695,1.46
MQG,2025-01-10,71.21,67.6,74.61,60.91,3689480,249354225.93,67.47925170068028,-5.07
MQG,2025-01-11,63.89,66.72,69.11,60.21,3431954,223328657.93,64.95759124087591,4.43
MQG,2025-01-12,65.45,67.03,74.09,61.48,3729238,245640537.87,66.10211678832117,2.41
MQG,2025-01-13,69.75,66.94,73.05,63.61,3774886,257729086.77,68.19717105263157,-4.03
MQG,2025-01-14,67.39,66.35,72.8,63.21,3664495,247048169.59,67.43333333333334,-1.54
MQG,2025-01-15,69.05,63.93,70.69,60.8,3383011,220014664.24,65.06157480314961,-7.41
MQG,2025-01-16,65.5,66.77,70.5,60.94,3267188,217303942.72,66.37226277372262,1.94
MQG,2025-01-17,67.04,67.54,74.08,63.98,4116959,280790422.22,68.2019375,0.75
MQG,2025-01-18,68.6,63.74,73.29,62.78,3254431,217486079.1,66.94974358974359,-7.08
MQG,2025-01-19,66.96,63.3,69.22,59.86,3322217,214811016.15,64.73291044776118,-5.47
MQG,2025-01-20,64.26,66.57,71.58,61.9,3536567,233989095.66,66.19157894736841,3.59
MQG,2025-01-21,65.64,70.36,73.3,63.38,3398225,232219475.86,68.44149999999999,7.19
MQG,2025-01-22,66.79,63.4,71.59,63.19,4104940,275002367.72,66.95062937062937,-5.08
MQG,2025-01-23,64.76,65.21,70.16,60.08,3699345,240996882.34,64.98909722222223,0.69
MQG,2025-01-24,64.24,67.43,70.97,62.49,3365987,223253794.2,66.42347826086957,4.97
MQG,2025-01-25,69.72,66.67,72.99,64.98,4039074,276619718.03,68.52136054421769,-4.37
MQG,2025-01-26,65.26,64.22,72.14,61.72,3235325,214329452.76,66.25689075630252,-1.59
MQG,2025-01-27,66.0,65.3,69.29,60.2,3986135,259316987.52,65.10276729559749,-1.06
MQG,2025-01-28,69.35,66.03,73.13,61.39,3734124,248508013.72,66.48385714285715,-4.79
MQG,2025-01-29,70.78,65.41,72.13,62.9,3674297,250564817.9,68.19173611111111,-7.59
MQG,2025-01-30,67.05,61.32,72.36,60.89,3498789,232399838.85,66.64905797101449,-8.55
MQG,2025-01-31,66.57,68.69,70.06,60.68,4227315,274614578.46,65.08546583850932,3.18
MQG,2025-02-01,65.83,68.34,72.37,62.47,3766524,250896227.98,66.70202797202796,3.81
MQG,2025-02-02,68.72,65.7,74.48,64.0,3834292,262017788.07999998,68.3869387755102,-4.39
MQG,2025-02-03,66.7,64.75,70.37,60.53,3716785,245287562.36,66.05039735099338,-2.92
MQG,2025-02-04,66.2,65.99,69.93,59.91,4270279,276677020.94,64.803125,-0.32
MQG,2025-02-05,65.11,69.23,71.68,62.99,3630697,243454653.89,67.07873333333333,6.33
MQG,2025-02-06,71.15,65.01,71.99,64.85,3612207,246623023.37,68.32156028368794,-8.63
MQG,2025-02-07,66.13,64.39,72.52,60.35,4378789,289137137.48,65.91333333333333,-2.63
MQG,2025-02-08,67.97,66.17,69.86,61.01,3479975,225477601.05,64.91529850746268,-2.65
MQG,2025-02-09,64.77,69.53,71.66,62.61,3819711,257807625.03,67.39846715328467,7.35
MQG,2025-02-10,66.26,65.06,72.85,64.41,3824038,262073332.01,68.4151048951049,-1.81
MQG,2025-02-11,68.64,65.94,69.91,60.95,2257375,150377782.36,66.61,-3.93
NAB,2025-01-01,135.27,140.64,143.61,133.49,3599681,497277087.45,138.27986666666666,3.97
NAB,2025-01-02,137.12,134.91,143.63,133.31,3674804,509047262.33,138.46098591549296,-1.61
NAB,2025-01-03,136.99,134.48,141.32,130.95,4272847,579643702.71,135.63018518518518,-1.83
NAB,2025-01-04,134.95,137.71,140.12,131.71,4017876,546086356.75,135.92999999999998,2.05
NAB,2025-01-05,138.41,139.37,142.42,134.21,3817356,529693059.35,138.6931506849315,0.69
NAB,2025-01-06,138.74,136.6,143.24,133.45,4475668,619056073.69,138.36082872928176,-1.54
NAB,2025-01-07,135.67,134.5,141.36,129.62,3686771,499594267.5,135.5572857142857,-0.86
NAB,2025-01-08,138.14,139.92,140.61,129.78,3358058,458395094.56,136.42355555555557,1.29
NAB,2025-01-09,137.76,137.73,143.55,132.96,3474422,482667420.26,138.8326241134752,-0.02
NAB,2025-01-10,135.46,134.98,143.29,133.8,3558167,491075674.4,138.04314285714287,-0.35
NAB,2025-01-11,134.95,136.85,140.19,129.55,3698126,501939288.79,135.67345588235295,1.41
NAB,2025-01-12,135.4,138.2,140.45,131.49,3799418,516882550.45,136.1248888888889,2.07
NAB,2025-01-13,137.15,138.61,142.72,134.88,3512922,487541276.86,138.61604166666666,1.06
NAB,2025-01-14,134.44,137.41,143.1,133.29,3756020,516762617.25,137.54744827586208,2.21
NAB,2025-01-15,138.52,132.87,141.88,130.92,3717078,503699148.06,135.50328947368422,-4.08
NAB,2025-01-16,135.59,138.37,141.09,131.59,3645927,497553497.91,136.38992700729926,2.05
NAB,2025-01-17,139.93,137.36,143.41,135.08,3510359,487288261.58,138.8521985815603,-1.84
NAB,2025-01-18,139.78,135.04,142.48,133.06,4157895,572640111.9,137.70675,-3.39
NAB,2025-01-19,138.24,137.2,139.93,130.39,3231584,437127783.21999997,135.20499999999998,-0.75
NAB,2025-01-20,133.61,139.84,142.58,131.19,3757577,513722583.1,136.648,4.66
NAB,2025-01-21,135.68,138.11,142.99,134.18,3856838,535879308.35,139.00527027027027,1.79
NAB,2025-01-22,141.92,136.8,141.92,133.06,4005207,550553279.68,137.5040506329114,-3.61
NAB,2025-01-23,134.64,138.15,139.73,130.44,3763390,509277366.76,135.38465277777777,2.61
NAB,2025-01-24,138.64,139.81,143.57,132.62,3706987,507910218.74,137.0717105263158,0.84
NAB,2025-01-25,137.07,139.15,144.65,133.26,3312403,459546798.98,138.67692913385827,1.52
NAB,2025-01-26,141.02,135.08,142.57,131.91,3450514,473538612.61,137.15163120567377,-4.21
NAB,2025-01-27,132.48,134.16,140.76,130.07,3886326,524130108.41,134.98320261437908,1.27
NAB,2025-01-28,137.65,140.32,142.58,129.13,3710906,509556681.38,137.25308823529411,1.94
NAB,2025-01-29,138.48,138.81,144.61,134.99,3922100,545184057.8,139.101045751634,0.24
NAB,2025-01-30,139.16,135.39,141.68,132.21,3897338,535029650.08,137.34366666666665,-2.71
NAB,2025-01-31,136.02,138.17,140.03,130.47,3655588,494875506.35,135.28457142857144,1.58
NAB,2025-02-01,135.43,137.94,142.08,131.77,3712934,509444593.44,137.23485507246377,1.85
NAB,2025-02-02,137.86,140.47,144.71,132.79,4040424,560713082.32,138.76287581699347,1.89
NAB,2025-02-03,138.04,133.99,144.44,131.05,3574936,489194306.96,136.78092857142857,-2.93
NAB,2025-02-04,137.08,135.55,139.7,130.49,3852552,522033548.21,135.52713333333332,-1.12
NAB,2025-02-05,133.88,138.22,142.47,132.86,3435237,472493266.56,137.63371212121214,3.24
NAB,2025-02-06,141.27,137.02,144.04,133.66,3200488,445570256.07,139.26318518518516,-3.01
NAB,2025-02-07,137.84,135.18,141.84,131.14,3164344,432225874.39,136.5785606060606,-1.93
NAB,2025-02-08,133.85,136.9,140.52,130.74,3235796,438186343.34,135.39125925925924,2.28
NAB,2025-02-09,134.15,135.03,143.19,132.37,3713936,510856017.96,137.57689655172416,0.66
NAB,2025-02-10,144.5,136.22,144.5,134.0,3781682,524401275.32,138.60802631578946,-5.73
NAB,2025-02-11,140.03,132.27,141.32,132.27,2593104,355268743.64,136.8639393939394,-5.54
TLS,2025-01-01,33.84,40.24,42.95,31.62,3737250,139950679.46,37.360845070422535,18.91
TLS,2025-01-02,40.59,36.49,42.55,31.58,3505350,130177260.26,37.18948905109489,-10.1
TLS,2025-01-03,34.7,33.92,39.95,29.49,3756980,132347881.42,35.1777536231884,-2.25
TLS,2025-01-04,34.62,38.04,40.04,29.37,3680868,128724336.49,35.06598591549296,9.88
TLS,2025-01-05,36.99,37.47,41.38,34.3,3001904,112774703.46,37.568225806451615,1.3
TLS,2025-01-06,39.97,34.71,41.6,31.2,3882315,144619242.31,37.08152317880795,-13.16
TLS,2025-01-07,35.37,33.92,39.51,30.06,3964937,138207666.67,34.80557046979865,-4.1
TLS,2025-01-08,33.0,36.4,41.17,30.87,3547301,125412100.68,35.461007751937984,10.3
TLS,2025-01-09,36.99,38.32,41.74,32.7,3758870,141632511.96,37.56552447552448,3.6
TLS,2025-01-10,42.38,36.49,42.38,32.17,3838306,142162622.12,37.075362318840575,-13.9
TLS,2025-01-11,35.22,35.1,39.55,30.54,4151906,144305639.35999998,34.6394375,-0.34
TLS,2025-01-12,37.68,35.93,40.98,29.42,3025633,106627502.17,35.3120895522388,-4.64
TLS,2025-01-13,34.95,37.3,42.26,32.92,3928278,148299460.0,37.780728476821196,6.72
TLS,2025-01-14,34.91,34.58,41.28,31.91,3553886,129038758.31,36.35821428571428,-0.95
TLS,2025-01-15,32.81,35.97,40.03,29.61,3620244,125052354.2,34.44755102040816,9.63
TLS,2025-01-16,34.93,36.26,39.21,31.86,3770767,134528697.41,35.54425,3.81
TLS,2025-01-17,35.38,39.02,42.13,32.42,3537864,132512829.9,37.618896551724134,10.29
TLS,2025-01-18,37.8,36.12,41.54,31.41,3913386,142758341.38,36.52741258741259,-4.44
TLS,2025-01-19,32.26,32.04,38.96,29.84,2815184,96793289.16,34.30966386554622,-0.68
TLS,2025-01-20,38.18,36.0,41.03,29.39,3176252,113354672.34,35.5475,-5.71
TLS,2025-01-21,36.49,38.44,42.33,33.96,3800805,143359268.22,37.75191489361703,5.34
TLS,2025-01-22,36.97,35.24,40.17,31.48,3744475,136873654.38,36.52480769230769,-4.68
TLS,2025-01-23,34.31,32.73,38.71,29.11,3854053,132028295.75,34.222585034013605,-4.61
TLS,2025-01-24,33.32,39.41,40.38,30.9,3595321,128257457.15,35.70744680851064,18.28
TLS,2025-01-25,36.27,36.08,42.66,33.14,3752878,142303644.56,37.78034013605442,-0.52
TLS,2025-01-26,38.32,36.95,41.46,31.05,3398311,123530352.76,36.308120300751874,-3.58
TLS,2025-01-27,34.09,35.92,39.26,28.17,3665392,126382806.7,34.46072847682119,5.37
TLS,2025-01-28,36.08,38.28,41.12,30.97,3614329,131991292.68,36.441655172413796,6.1
TLS,2025-01-29,36.51,38.04,43.13,32.47,3564085,135596564.84,37.91945945945946,4.19
TLS,2025-01-30,37.88,33.71,41.39,29.95,3754002,135803139.65,35.97939597315436,-11.01
TLS,2025-01-31,31.14,36.02,38.64,28.42,3669323,126744899.86,34.50827586206896,15.67
TLS,2025-02-01,31.35,37.25,42.61,30.22,3705539,135109923.2,36.55575342465754,18.82
TLS,2025-02-02,36.25,36.81,44.66,33.95,3740687,142818265.04,38.12718309859155,1.54
TLS,2025-02-03,38.11,35.35,41.96,31.31,4048454,145218856.1,35.84183544303798,-7.24
TLS,2025-02-04,33.98,33.95,39.59,29.95,3509814,120129429.09,34.23076388888889,-0.09
TLS,2025-02-05,34.3,37.99,40.39,30.78,3900988,142908250.08,36.706266666666664,10.76
TLS,2025-02-06,35.36,36.95,42.36,33.41,3634809,137412013.85,37.85092105263158,4.5
TLS,2025-02-07,37.54,35.5,40.65,29.92,4370135,154978734.53,35.37543209876543,-5.43
TLS,2025-02-08,29.71,34.08,38.13,29.71,3697504,126770494.01,34.45359154929577,14.71
TLS,2025-02-09,37.79,39.53,42.45,32.14,3376922,124092882.66,36.82732824427481,4.6
TLS,2025-02-10,39.36,35.47,43.48,31.85,3779347,142495699.85,37.72209150326797,-9.88
TLS,2025-02-11,36.16,36.48,40.55,31.53,2453102,89197371.56,36.15824742268041,0.88
WBC,2025-01-01,97.24,95.75,99.08,88.16,3366892,316943051.88,94.1109923664122,-1.53
WBC,2025-01-02,92.93,94.4,99.47,89.53,4317091,407254379.22,94.33969879518072,1.58
WBC,2025-01-03,92.58,89.48,95.86,87.0,2880204,263320409.28,91.43137096774193,-3.35
WBC,2025-01-04,92.72,93.78,97.4,85.72,3701420,339682225.57,91.66602739726028,1.14
WBC,2025-01-05,93.94,97.16,99.01,88.69,3938881,372168809.9,94.48894366197183,3.43
WBC,2025-01-06,94.52,89.66,98.98,89.66,3354249,314508924.92,93.86586776859504,-5.14
WBC,2025-01-07,93.77,95.84,95.88,85.5,4648839,423411015.67,91.13759776536313,2.21
WBC,2025-01-08,90.62,92.52,97.77,86.76,3682140,338579323.32,92.00475862068966,2.1
WBC,2025-01-09,89.98,95.98,97.99,89.8,3145106,296876379.5,94.50220588235294,6.67
WBC,2025-01-10,97.65,93.52,99.27,89.44,3693892,346999279.46999997,94.11082706766918,-4.23
WBC,2025-01-11,88.93,90.42,95.05,85.86,4577700,418121959.28,91.2276,1.68
WBC,2025-01-12,91.14,90.78,97.84,86.59,3917591,361538032.24,92.19254901960784,-0.39
WBC,2025-01-13,94.54,90.5,99.32,89.06,3463804,327873759.97,94.61014705882353,-4.27
WBC,2025-01-14,94.53,92.74,98.25,88.7,4022734,374626734.06,93.08571428571429,-1.89
WBC,2025-01-15,93.16,88.79,97.38,86.23,4520685,413179271.63,91.37145454545455,-4.69
WBC,2025-01-16,90.38,95.24,98.45,87.48,4136687,382056353.37,92.33433333333333,5.38
WBC,2025-01-17,94.37,92.33,99.04,89.91,3846301,364587863.16,94.7230612244898,-2.16
WBC,2025-01-18,93.61,93.31,100.5,88.13,3869438,361055893.22,93.3214,-0.32
WBC,2025-01-19,94.69,92.59,94.93,86.43,3788934,345289649.08,91.175,-2.22
WBC,2025-01-20,91.44,94.59,98.05,87.3,3705245,342651301.27,92.45887323943661,3.44
WBC,2025-01-21,95.42,93.6,99.98,90.33,3742229,354355745.28000003,94.79422535211268,-1.91
WBC,2025-01-22,94.36,91.38,98.18,89.44,3500643,327147143.28000003,93.40316901408451,-3.16
WBC,2025-01-23,93.26,91.38,95.85,85.9,3531496,321430911.65,91.08068027210885,-2.02
WBC,2025-01-24,92.49,92.63,97.52,86.76,3684460,342481058.36,93.04231292517007,0.15
WBC,2025-01-25,97.0,93.57,99.77,90.67,3935775,372608439.16,94.58807947019866,-3.54
WBC,2025-01-26,95.44,91.13,98.38,88.55,3560618,330622188.05,92.8234965034965,-4.52
WBC,2025-01-27,89.99,88.6,94.64,86.07,3720676,339312545.71,91.17673611111111,-1.54
WBC,2025-01-28,90.33,95.66,97.32,86.5,4523461,420916639.25,93.01265060240964,5.9
WBC,2025-01-29,93.18,93.91,101.31,90.49,3677460,348007947.67,94.62398648648649,0.78
WBC,2025-01-30,94.24,88.58,97.88,87.67,3431356,318213563.71,92.65256944444444,-6.01
WBC,2025-01-31,89.54,91.6,95.51,86.34,3893029,354511742.87,91.15473333333334,2.3
WBC,2025-02-01,92.2,94.84,97.91,88.61,3806705,355318552.66,93.2534306569343,2.86
WBC,2025-02-02,95.19,93.21,100.65,88.61,3753869,355584780.7,94.85178082191781,-2.08
WBC,2025-02-03,93.32,91.59,96.87,87.51,3574166,330658240.7,92.44122448979593,-1.85
WBC,2025-02-04,92.93,89.97,96.42,86.83,3299500,301799383.44,91.38452554744526,-3.19
WBC,2025-02-05,88.59,92.29,99.08,88.59,3523102,328329113.38,93.25927536231885,4.18
WBC,2025-02-06,93.89,95.1,100.39,89.77,3521274,334121815.86,94.76591836734694,1.29
WBC,2025-02-07,92.91,90.11,97.07,88.67,3672847,339679694.5,92.41082089552238,-3.01
WBC,2025-02-08,90.84,91.44,96.34,86.2,4493262,409596597.83,91.17390243902439,0.66
WBC,2025-02-09,90.58,94.0,98.55,88.34,3861646,361870256.82,93.58767741935483,3.78
WBC,2025-02-10,95.12,97.03,100.0,90.42,3607745,341542279.4,94.71724637681159,2.01
WBC,2025-02-11,95.63,92.2,99.28,88.79,2137124,198485208.95,92.8225,-3.59
WES,2025-01-01,98.63,104.1,110.44,96.47,3522022,365735835.42,103.87842857142857,5.55
WES,2025-01-02,103.37,103.76,109.78,98.77,3452692,357037688.2,103.60310344827587,0.38
WES,2025-01-03,100.73,100.44,106.19,93.97,3510051,355535374.91,101.21029629629629,-0.29
WES,2025-01-04,102.57,105.69,106.15,97.27,3299344,335792108.74,101.59142857142858,3.04
WES,2025-01-05,101.35,105.21,108.62,98.99,3937070,408605859.71,103.84210191082802,3.81
WES,2025-01-06,105.51,103.14,108.38,99.11,3583843,371454237.19,103.7045,-2.25
WES,2025-01-07,101.77,104.05,105.6,95.98,3902658,393033309.99,100.8178431372549,2.24
WES,2025-01-08,98.58,101.77,107.37,96.8,3830158,389042745.38,101.38406451612903,3.24
WES,2025-01-09,104.82,106.13,107.71,99.37,3388753,352071477.5,104.0426119402985,1.25
WES,2025-01-10,105.71,102.4,108.17,99.76,3896288,402993422.27,103.4278947368421,-3.13
WES,2025-01-11,99.48,100.57,104.87,94.57,3326377,335792180.22,100.83431034482759,1.1
WES,2025-01-12,104.48,105.12,106.49,96.61,3722305,378908304.77,101.80852112676055,0.61
WES,2025-01-13,100.63,106.61,109.15,99.03,3489730,364353196.93,104.38257575757575,5.94
WES,2025-01-14,108.01,102.25,108.01,97.86,4036329,417247801.57,103.23662162162162,-5.33
WES,2025-01-15,102.67,101.42,105.92,95.99,3012433,304759332.04,101.12359375,-1.22
WES,2025-01-16,101.45,101.31,108.45,93.61,4047681,412934238.26,101.96811688311688,-0.14
WES,2025-01-17,104.54,103.59,108.91,98.67,3025686,315509686.76,104.29766917293233,-0.91
WES,2025-01-18,107.3,101.64,108.64,97.87,3868837,398491629.31,103.05773972602739,-5.27
WES,2025-01-19,100.27,101.15,106.82,94.96,4355181,438602598.97,100.68305389221557,0.88
WES,2025-01-20,98.49,107.34,107.34,98.38,3527790,360293915.57,102.20071428571428,8.99
WES,2025-01-21,103.6,104.03,109.08,99.84,3711988,386638980.4,104.12979591836735,0.42
WES,2025-01-22,104.22,101.16,109.45,97.35,3600711,370423065.24,102.87111888111887,-2.94
WES,2025-01-23,102.63,99.97,104.53,96.2,3833440,385341710.71999997,100.58234482758621,-2.59
WES,2025-01-24,100.38,101.56,107.35,94.73,3176094,325308716.39,102.36235772357723,1.18
WES,2025-01-25,102.54,105.05,109.33,100.17,3613396,377521209.64,104.46616438356165,2.45
WES,2025-01-26,104.98,101.38,106.22,96.4,4189976,428659910.22,102.26042944785277,-3.43
WES,2025-01-27,99.07,102.84,105.56,97.43,3594277,362848632.03000003,100.92741258741259,3.81
WES,2025-01-28,100.57,105.8,108.63,97.66,3886847,399423326.52,102.741,5.2
WES,2025-01-29,101.22,104.51,109.18,99.7,3322911,345961414.37,104.04248226950355,3.25
WES,2025-01-30,100.75,97.56,107.29,95.96,3698001,377565314.11,102.04608391608392,-3.17
WES,2025-01-31,105.1,102.24,106.18,96.99,3899239,394331840.19,101.11,-2.72
WES,2025-02-01,100.18,106.08,107.38,96.07,3581090,367262064.63,102.65561290322582,5.89
WES,2025-02-02,103.36,102.75,108.07,97.35,3902944,406259892.18,104.11741721854304,-0.59
WES,2025-02-03,106.88,97.54,107.23,96.67,4428565,451783361.9,102.05804054054055,-8.74
WES,2025-02-04,102.08,103.74,105.05,95.49,3101650,311883297.45,100.6221186440678,1.63
WES,2025-02-05,102.96,103.96,108.88,97.61,2721505,279632469.57,102.80468253968253,0.97
WES,2025-02-06,101.73,104.85,108.81,97.38,4054324,422305255.05,104.0376219512195,3.07
WES,2025-02-07,103.24,97.99,107.17,97.26,3410231,349214135.19,102.0972463768116,-5.09
WES,2025-02-08,100.44,99.81,104.2,96.68,4008050,404586564.52,100.85377358490567,-0.63
WES,2025-02-09,102.05,105.67,108.1,96.63,3240567,333959218.34,103.18,3.55
WES,2025-02-10,103.16,101.0,108.41,99.13,3514632,366234818.43,104.09973154362416,-2.09
WES,2025-02-11,102.92,104.54,105.89,95.97,2509776,255427325.57,101.98134020618558,1.57
WOW,2025-01-01,107.0,102.73,109.39,99.73,3655423,380419815.97,104.0775,-3.99
WOW,2025-01-02,106.65,99.84,107.96,98.43,3663992,380772220.33,103.79342465753425,-6.39
WOW,2025-01-03,103.09,99.46,105.59,96.67,3591209,363977072.8,101.36701492537314,-3.52
WOW,2025-01-04,98.74,103.29,105.48,97.37,3656795,371803290.01,101.66912162162163,4.61
WOW,2025-01-05,100.41,104.15,109.58,98.72,3825453,398299922.19,104.23140845070422,3.72
WOW,2025-01-06,104.13,104.28,108.54,97.23,3444679,356875868.24,103.52781954887219,0.14
WOW,2025-01-07,103.86,99.59,105.82,95.53,3777015,382329503.12,101.08820143884893,-4.11
WOW,2025-01-08,102.11,101.56,106.11,95.46,3956285,401063622.81,101.31893081761005,-0.54
WOW,2025-01-09,103.37,104.86,109.5,99.39,3455595,360352178.1,104.32352112676057,1.44
WOW,2025-01-10,102.06,99.7,108.69,98.98,4367727,453114857.09,103.79100628930819,-2.31
WOW,2025-01-11,101.95,104.53,105.54,96.81,3679193,372622806.95,101.27696551724138,2.53
WOW,2025-01-12,99.86,100.97,106.0,97.35,3476230,353851632.71999997,101.93753623188405,1.11
WOW,2025-01-13,102.62,105.94,110.22,99.25,3767040,392547337.31,104.34978260869566,3.24
WOW,2025-01-14,105.56,101.54,107.69,98.67,3574517,369535558.53,103.43716216216217,-3.81
WOW,2025-01-15,102.52,102.61,105.68,95.58,4535145,458905616.15,101.1377358490566,0.09
WOW,2025-01-16,98.42,106.01,107.37,97.15,4003753,408822051.08,102.17435064935066,7.71
WOW,2025-01-17,105.24,103.73,109.71,100.26,3237819,338795702.26,104.46335877862596,-1.43
WOW,2025-01-18,104.53,104.58,107.82,98.11,3647218,376366167.24,103.18437037037036,0.05
WOW,2025-01-19,98.8,100.29,105.34,96.3,3872135,390398745.29,100.83625806451613,1.51
WOW,2025-01-20,105.3,104.08,108.0,95.89,4094457,418914227.6,102.36489795918366,-1.16
WOW,2025-01-21,105.03,102.92,108.35,100.57,3732353,389124301.14,104.25489655172413,-2.01
WOW,2025-01-22,99.28,101.78,108.88,97.98,3682491,378239250.78000003,102.73741258741259,2.52
WOW,2025-01-23,101.89,97.77,105.35,96.74,3856276,389160962.95,100.94807453416149,-4.04
WOW,2025-01-24,102.81,102.51,108.87,96.78,3484364,356295660.43,102.21442857142857,-0.29
WOW,2025-01-25,103.58,106.53,109.29,98.82,3771797,394604128.11,104.44454545454545,2.85
WOW,2025-01-26,104.83,99.93,107.96,97.1,3941478,405968433.48,102.7053103448276,-4.67
WOW,2025-01-27,104.35,99.83,105.23,93.85,4131256,417138736.54,101.10827814569537,-4.33
WOW,2025-01-28,98.51,102.64,107.69,97.48,3230330,330968603.84,102.66671875,4.19
WOW,2025-01-29,104.69,105.21,109.62,99.64,3814852,398930247.78,104.42973684210526,0.5
WOW,2025-01-30,102.29,100.52,106.56,96.88,4011943,410360193.1,102.27012578616353,-1.73
WOW,2025-01-31,100.28,99.5,105.37,96.48,3881324,391660623.13,100.89273333333334,-0.78
WOW,2025-02-01,101.32,104.76,108.79,98.09,3850411,395894135.49,102.88574468085106,3.4
WOW,2025-02-02,102.25,99.15,110.45,99.15,3296550,344762981.29,104.57066666666665,-3.03
WOW,2025-02-03,106.23,99.96,108.02,95.21,3906939,398484192.55,102.00827814569537,-5.9
WOW,2025-02-04,100.7,100.08,105.12,95.45,3697932,373445778.35,101.0522972972973,-0.62
WOW,2025-02-05,103.97,110.06,110.06,98.18,3592523,370952736.44,103.25642857142857,5.86
WOW,2025-02-06,101.16,103.61,110.0,99.23,3147288,329755802.26,104.51066666666667,2.42
WOW,2025-02-07,101.72,99.32,107.56,95.34,3039063,309912837.13,101.94677685950413,-2.36
WOW,2025-02-08,101.38,99.82,105.5,95.57,3840673,386694540.85,100.8162162162162,-1.54
WOW,2025-02-09,101.88,105.52,107.75,98.32,4262366,439652211.23,103.20806451612903,3.57
WOW,2025-02-10,102.63,103.04,108.52,99.68,3954058,412811561.39,104.32783783783785,0.4
WOW,2025-02-11,103.55,100.74,107.24,97.86,2870650,292795157.09,102.02080357142857,-2.71
